<?xml version="1.0" encoding="UTF-8"?>
<!DOCTYPE catalog PUBLIC "-//OASIS//DTD XML Catalogs V1.1//EN" "http://www.oasis-open.org/committees/entity/release/1.1/catalog.dtd">
<catalog xmlns="urn:oasis:names:tc:entity:xmlns:xml:catalog" prefer="public">
  <uri name="http://api.nsgreg.nga.mil/geo-political/GENC/2/3-12" uri="genc_geo-political_3-12_char2.csv"/>
  <uri name="urn:us:gov:dod:nga:def:geo-political:GENC:2:3-12" uri="genc_geo-political_3-12_char2.csv"/>
  <uri name="http://api.nsgreg.nga.mil/geo-political/GENC/3/3-12" uri="genc_geo-political_3-12_char3.csv"/>
  <uri name="urn:us:gov:dod:nga:def:geo-political:GENC:3:3-12" uri="genc_geo-political_3-12_char3.csv"/>
  <uri name="http://api.nsgreg.nga.mil/geo-political/GENC/n/3-12" uri="genc_geo-political_3-12_numeric.csv"/>
  <uri name="urn:us:gov:dod:nga:def:geo-political:GENC:n:3-12" uri="genc_geo-political_3-12_numeric.csv"/>
  <uri name="http://api.nsgreg.nga.mil/geo-division/GENC/6/3-12" uri="genc_geo-division_3-12_char6.csv"/>
  <uri name="urn:us:gov:dod:nga:def:geo-division:GENC:6:3-12" uri="genc_geo-division_3-12_char6.csv"/>
</catalog>
