<?xml version="1.0" encoding="UTF-8"?>
<!DOCTYPE catalog PUBLIC "-//OASIS//DTD XML Catalogs V1.1//EN" "http://www.oasis-open.org/committees/entity/release/1.1/catalog.dtd">
<catalog prefer="public" xmlns="urn:oasis:names:tc:entity:xmlns:xml:catalog">
  <uri name="http://www.opengis.net/gml" uri="gml-oasis.xsd"/>
  <uri name="http://www.w3.org/1999/xlink" uri="xlinks.xsd"/>
  <uri name="urn:oasis:names:tc:ciq:ct:3" uri="CommonTypes.xsd"/>
  <uri name="urn:oasis:names:tc:ciq:xal:3" uri="xAL.xsd"/>
  <uri name="urn:oasis:names:tc:ciq:xnl:3" uri="xNL.xsd"/>
  <uri name="urn:oasis:names:tc:ciq:xpil:3" uri="xPIL.xsd"/>
  <uri name="urn:oasis:names:tc:emergency:EDXL:HAVE:1.0" uri="have.xsd"/>
  <uri name="urn:oasis:names:tc:emergency:EDXL:HAVE:1.0:geo-oasis" uri="geo-oasis.xsd"/>
</catalog>
